strategy,s,l,b,c,d,contrarian,mean_excess_return_bps,sharpe_ratio,sharpe_ratio_diff,n_trades,total_return,benchmark_return,betc,n,x,v,k,net_excess_return_bps
"MAc(2,10,0.01,0,0)",2.0,10.0,0.01,0,0.0,True,0.05851986666816,1.2131636470108462,0.685311536830426,2453,6.534353084737378,2.8433939062298514,13.319105350055803,,,,,-0.01926425306801452
"MAc(2,10,0.01,1,0)",2.0,10.0,0.01,1,0.0,True,0.05851986666816,1.2131636470108462,0.685311536830426,2453,6.534353084737378,2.8433939062298514,13.319105350055803,,,,,-0.01926425306801452
"MAc(2,10,0.01,2,0)",2.0,10.0,0.01,2,0.0,True,0.0582717395691312,1.210258066186141,0.6824059560057208,2453,6.518703237160143,2.8433939062298514,13.2872059461071,,,,,-0.01951238016704332
"MAc(2,10,0.01,0,2)",2.0,10.0,0.01,0,2.0,True,0.0503853641762062,1.117916776938179,0.5900646667577588,2445,6.021294557015115,2.8433939062298514,12.313485801666902,,,,,-0.02714507722409821
"MAc(2,10,0.01,1,2)",2.0,10.0,0.01,1,2.0,True,0.0503853641762062,1.117916776938179,0.5900646667577588,2445,6.021294557015115,2.8433939062298514,12.313485801666902,,,,,-0.02714507722409821
"MAc(2,10,0.01,2,2)",2.0,10.0,0.01,2,2.0,True,0.0503853641762062,1.117916776938179,0.5900646667577588,2445,6.021294557015115,2.8433939062298514,12.313485801666902,,,,,-0.02714507722409821
"MAc(3,15,0.01,1,1)",3.0,15.0,0.01,1,1.0,True,0.0365830592418412,0.9562171277416212,0.428365017561201,2550,5.150756960425335,2.8433939062298514,10.099523451814385,,,,,-0.0442769103167585
"MAc(3,15,0.01,0,1)",3.0,15.0,0.01,0,1.0,True,0.0365830592418412,0.9562171277416212,0.428365017561201,2550,5.150756960425335,2.8433939062298514,10.099523451814385,,,,,-0.0442769103167585
"MAc(7,10,0.01,0,0)",7.0,10.0,0.01,0,0.0,True,0.0358595994426504,0.9488728077069868,0.4210206975265664,151,5.105126976316755,2.8433939062298514,169.04393961313758,,,,,0.03107142085310195
"MAc(7,10,0.01,1,0)",7.0,10.0,0.01,1,0.0,True,0.0358595994426504,0.9488728077069868,0.4210206975265664,151,5.105126976316755,2.8433939062298514,169.04393961313758,,,,,0.03107142085310195
"MAc(7,10,0.01,2,0)",7.0,10.0,0.01,2,0.0,True,0.0358595994426504,0.9488728077069868,0.4210206975265664,151,5.105126976316755,2.8433939062298514,169.04393961313758,,,,,0.03107142085310195
"MAc(3,15,0.01,2,1)",3.0,15.0,0.01,2,1.0,True,0.0358590776247891,0.9477399236147588,0.4198878134343385,2550,5.105094064272787,2.8433939062298514,10.00998836131919,,,,,-0.0450008919338106
"MAc(7,10,0.01,0,2)",7.0,10.0,0.01,0,2.0,True,0.0308561448508008,0.8902295887564843,0.362377478576064,151,4.789549588645079,2.8433939062298514,158.59435723990327,,,,,0.026067966261252348
"MAc(7,10,0.01,2,2)",7.0,10.0,0.01,2,2.0,True,0.0308561448508008,0.8902295887564843,0.362377478576064,151,4.789549588645079,2.8433939062298514,158.59435723990327,,,,,0.026067966261252348
"MAc(7,10,0.01,1,2)",7.0,10.0,0.01,1,2.0,True,0.0308561448508008,0.8902295887564843,0.362377478576064,151,4.789549588645079,2.8433939062298514,158.59435723990327,,,,,0.026067966261252348
"MAc(7,10,0.01,0,1)",7.0,10.0,0.01,0,1.0,True,0.0302478539077737,0.8830970753517648,0.3552449651713446,151,4.751183523115568,2.8433939062298514,157.32395771905854,,,,,0.02545967531822525
"MAc(7,10,0.01,1,1)",7.0,10.0,0.01,1,1.0,True,0.0302478539077737,0.8830970753517648,0.3552449651713446,151,4.751183523115568,2.8433939062298514,157.32395771905854,,,,,0.02545967531822525
"MAc(7,10,0.01,2,1)",7.0,10.0,0.01,2,1.0,True,0.0302478539077737,0.8830970753517648,0.3552449651713446,151,4.751183523115568,2.8433939062298514,157.32395771905854,,,,,0.02545967531822525
"MAc(3,10,0.01,1,2)",3.0,10.0,0.01,1,2.0,True,0.0195629356445692,0.7569850245726126,0.2291329143921924,1623,4.077265426910562,2.8433939062298514,12.560891641745416,,,,,-0.031902056745080724
"MAc(3,10,0.01,2,2)",3.0,10.0,0.01,2,2.0,True,0.0195629356445692,0.7569850245726126,0.2291329143921924,1623,4.077265426910562,2.8433939062298514,12.560891641745416,,,,,-0.031902056745080724
"MAc(3,10,0.01,0,2)",3.0,10.0,0.01,0,2.0,True,0.0195629356445692,0.7569850245726126,0.2291329143921924,1623,4.077265426910562,2.8433939062298514,12.560891641745416,,,,,-0.031902056745080724
"MAc(10,15,0.01,1,0)",10.0,15.0,0.01,1,0.0,True,0.0112090113280046,0.6599016953914738,0.1320495852110536,258,3.5503675478086305,2.8433939062298514,68.8055726319502,,,,,0.003027884996193336
"MAc(10,15,0.01,2,0)",10.0,15.0,0.01,2,0.0,True,0.0112090113280046,0.6599016953914738,0.1320495852110536,258,3.5503675478086305,2.8433939062298514,68.8055726319502,,,,,0.003027884996193336
"MAc(10,15,0.01,0,0)",10.0,15.0,0.01,0,0.0,True,0.0112090113280046,0.6599016953914738,0.1320495852110536,258,3.5503675478086305,2.8433939062298514,68.8055726319502,,,,,0.003027884996193336
"MAc(2,7,0.01,2,2)",2.0,7.0,0.01,2,2.0,True,0.0108720050403285,0.6552142551904024,0.1273621450099822,1621,3.529111920932952,2.8433939062298514,10.885601236683996,,,,,-0.040529567765353894
"MAc(2,7,0.01,0,2)",2.0,7.0,0.01,0,2.0,True,0.0108720050403285,0.6552142551904024,0.1273621450099822,1621,3.529111920932952,2.8433939062298514,10.885601236683996,,,,,-0.040529567765353894
"MAc(2,7,0.01,1,2)",2.0,7.0,0.01,1,2.0,True,0.0108720050403285,0.6552142551904024,0.1273621450099822,1621,3.529111920932952,2.8433939062298514,10.885601236683996,,,,,-0.040529567765353894
"MAc(3,5,0.01,1,2)",3.0,5.0,0.01,1,2.0,True,0.0018186396770863,0.5498091089258954,0.0219569987454751,258,2.958098966079077,2.8433939062298514,57.32749934261777,,,,,-0.006362486654724965
"MAc(3,5,0.01,0,2)",3.0,5.0,0.01,0,2.0,True,0.0018186396770863,0.5498091089258954,0.0219569987454751,258,2.958098966079077,2.8433939062298514,57.32749934261777,,,,,-0.006362486654724965
"MAc(3,5,0.01,2,2)",3.0,5.0,0.01,2,2.0,True,0.0018186396770863,0.5498091089258954,0.0219569987454751,258,2.958098966079077,2.8433939062298514,57.32749934261777,,,,,-0.006362486654724965
"MAc(10,15,0.01,0,2)",10.0,15.0,0.01,0,2.0,True,0.0017359012890464,0.5488482192022415,0.0209961090218212,258,2.952880498742462,2.8433939062298514,57.22636625469888,,,,,-0.006445225042764864
"MAc(10,15,0.01,1,2)",10.0,15.0,0.01,1,2.0,True,0.0017359012890464,0.5488482192022415,0.0209961090218212,258,2.952880498742462,2.8433939062298514,57.22636625469888,,,,,-0.006445225042764864
"MAc(10,15,0.01,2,2)",10.0,15.0,0.01,2,2.0,True,0.0017359012890464,0.5488482192022415,0.0209961090218212,258,2.952880498742462,2.8433939062298514,57.22636625469888,,,,,-0.006445225042764864
"MAc(10,15,0.01,0,1)",10.0,15.0,0.01,0,1.0,True,0.0009118013500397,0.5391871257639856,0.0113350155835654,258,2.9009029497994256,2.8433939062298514,56.21904941471755,,,,,-0.007269324981771565
"MAc(10,15,0.01,1,1)",10.0,15.0,0.01,1,1.0,True,0.0009118013500397,0.5391871257639856,0.0113350155835654,258,2.9009029497994256,2.8433939062298514,56.21904941471755,,,,,-0.007269324981771565
"MAc(10,15,0.01,2,1)",10.0,15.0,0.01,2,1.0,True,0.0009118013500397,0.5391871257639856,0.0113350155835654,258,2.9009029497994256,2.8433939062298514,56.21904941471755,,,,,-0.007269324981771565
"MAc(7,15,0.01,0,0)",7.0,15.0,0.01,0,0.0,True,-0.0002485509883112,0.5252062568577078,-0.0026458533227123,882,2.82771732315018,2.8433939062298514,16.030143555273128,,,,,-0.028216587517991564
"MAc(7,15,0.01,2,0)",7.0,15.0,0.01,2,0.0,True,-0.0002485509883112,0.5252062568577078,-0.0026458533227123,882,2.82771732315018,2.8433939062298514,16.030143555273128,,,,,-0.028216587517991564
"MAc(7,15,0.01,1,0)",7.0,15.0,0.01,1,0.0,True,-0.0002485509883112,0.5252062568577078,-0.0026458533227123,882,2.82771732315018,2.8433939062298514,16.030143555273128,,,,,-0.028216587517991564
"MAc(3,7,0.01,2,2)",3.0,7.0,0.01,2,2.0,True,-0.0056003819377188,0.4624799343094284,-0.0653721758709918,849,2.4901671766922435,2.8433939062298514,14.665295504665744,,,,,-0.032521995331934936
"MAc(3,7,0.01,0,2)",3.0,7.0,0.01,0,2.0,True,-0.0056003819377188,0.4624799343094284,-0.0653721758709918,849,2.4901671766922435,2.8433939062298514,14.665295504665744,,,,,-0.032521995331934936
"MAc(3,7,0.01,1,2)",3.0,7.0,0.01,1,2.0,True,-0.0056003819377188,0.4624799343094284,-0.0653721758709918,849,2.4901671766922435,2.8433939062298514,14.665295504665744,,,,,-0.032521995331934936
"MAc(3,5,0.01,2,1)",3.0,5.0,0.01,2,1.0,True,-0.0059785807938784,0.458381680668176,-0.0694704295122441,260,2.4663134562564264,2.8433939062298514,47.429104928008194,,,,,-0.014223126709657193
"MAc(3,7,0.01,1,0)",3.0,7.0,0.01,1,0.0,True,-0.0064532985185582,0.4524847393779508,-0.0753673708024693,851,2.4363721073971982,2.8433939062298514,14.314759737938886,,,,,-0.033438331496741865
"MAc(3,7,0.01,0,0)",3.0,7.0,0.01,0,0.0,True,-0.0064532985185582,0.4524847393779508,-0.0753673708024693,851,2.4363721073971982,2.8433939062298514,14.314759737938886,,,,,-0.033438331496741865
"MAc(3,5,0.01,0,1)",3.0,5.0,0.01,0,1.0,True,-0.00660685464863,0.4510168167174099,-0.0768352934630103,260,2.4266870305169204,2.8433939062298514,46.66705827917154,,,,,-0.014851400564408791
"MAc(3,5,0.01,1,1)",3.0,5.0,0.01,1,1.0,True,-0.00660685464863,0.4510168167174099,-0.0768352934630103,260,2.4266870305169204,2.8433939062298514,46.66705827917154,,,,,-0.014851400564408791
"MAc(3,7,0.01,2,0)",3.0,7.0,0.01,2,0.0,True,-0.006689129448114,0.4497222677086717,-0.0781298424717485,851,2.4214978025913494,2.8433939062298514,14.22736664272238,,,,,-0.033674162426297664
"MAc(3,5,0.01,0,0)",3.0,5.0,0.01,0,0.0,True,-0.0087094137655714,0.4263279863217789,-0.1015241238586412,260,2.2940746321491066,2.8433939062298514,44.11681984902128,,,,,-0.016953959681350193
"MAc(3,5,0.01,1,0)",3.0,5.0,0.01,1,0.0,True,-0.0087094137655714,0.4263279863217789,-0.1015241238586412,260,2.2940746321491066,2.8433939062298514,44.11681984902128,,,,,-0.016953959681350193
"MAc(3,5,0.01,2,0)",3.0,5.0,0.01,2,0.0,True,-0.009584289961994,0.4160733670946904,-0.1117787430857298,260,2.238894528175958,2.8433939062298514,43.05566400338381,,,,,-0.017828835877772793
"MAc(2,5,0.01,2,2)",2.0,5.0,0.01,2,2.0,True,-0.012438215840571,0.3822529865299375,-0.1455991236504826,871,2.058892000554936,2.8433939062298514,11.81912744291008,,,,,-0.040057444658429954
"MAc(2,5,0.01,0,2)",2.0,5.0,0.01,0,2.0,True,-0.012438215840571,0.3822529865299375,-0.1455991236504826,871,2.058892000554936,2.8433939062298514,11.81912744291008,,,,,-0.040057444658429954
"MAc(2,5,0.01,1,2)",2.0,5.0,0.01,1,2.0,True,-0.012438215840571,0.3822529865299375,-0.1455991236504826,871,2.058892000554936,2.8433939062298514,11.81912744291008,,,,,-0.040057444658429954
"OBV(10,15,0.1,0,0)",10.0,15.0,0.1,0,0.0,False,-0.0143433671078046,0.3599087599866082,-0.1679433501938119,760,1.93873049034311,2.8433939062298514,12.75480585752046,,,,,-0.038442809015465686
"OBV(10,15,0.1,1,0)",10.0,15.0,0.1,1,0.0,False,-0.0144858635763909,0.3582403010446357,-0.1696118091357845,758,1.9297429673260784,2.8433939062298514,12.729175246214236,,,,,-0.03852188590008446
"OBV(10,15,0.1,2,0)",10.0,15.0,0.1,2,0.0,False,-0.0149919443438785,0.35231471595749,-0.1755373942229302,758,1.897823491767179,2.8433939062298514,12.51862461587849,,,,,-0.03902796666757206
"OBV(7,10,0.1,2,0)",7.0,10.0,0.1,2,0.0,False,-0.016834577796887,0.3307397411224876,-0.1971123690579326,812,1.781605098882372,2.8433939062298514,10.970474746812636,,,,,-0.04258292888770385
"OBV(10,15,0.1,1,1)",10.0,15.0,0.1,1,1.0,False,-0.0168620514135162,0.3304180588454897,-0.1974340513349304,712,1.7798722856816949,2.8433939062298514,12.499103129787184,,,,,-0.03943942330595658
"OBV(10,15,0.1,0,1)",10.0,15.0,0.1,0,1.0,False,-0.0168620514135162,0.3304180588454897,-0.1974340513349304,712,1.7798722856816949,2.8433939062298514,12.499103129787184,,,,,-0.03943942330595658
"OBV(7,10,0.1,1,0)",7.0,10.0,0.1,1,0.0,False,-0.0169659790149089,0.3292011944017659,-0.1986509157786543,812,1.7733173743994155,2.8433939062298514,10.919441960587532,,,,,-0.04271433010572574
"OBV(7,10,0.1,0,0)",7.0,10.0,0.1,0,0.0,False,-0.0170845291860933,0.3278131176597496,-0.2000389925206706,814,1.76584018985749,2.8433939062298514,10.846684212883844,,,,,-0.042896299860877674
"MAc(5,7,0.01,2,1)",5.0,7.0,0.01,2,1.0,True,-0.0171877028868538,0.3271528732137765,-0.2006992369666436,100,1.759332828520494,2.8433939062298514,87.9666414260247,,,,,-0.02035868208523026
"MAc(5,7,0.01,0,1)",5.0,7.0,0.01,0,1.0,True,-0.0171877028868538,0.3271528732137765,-0.2006992369666436,100,1.759332828520494,2.8433939062298514,87.9666414260247,,,,,-0.02035868208523026
"MAc(5,7,0.01,1,1)",5.0,7.0,0.01,1,1.0,True,-0.0171877028868538,0.3271528732137765,-0.2006992369666436,100,1.759332828520494,2.8433939062298514,87.9666414260247,,,,,-0.02035868208523026
"MAc(3,7,0.01,0,1)",3.0,7.0,0.01,0,1.0,True,-0.0177242180032465,0.3204621091991149,-0.2073900009813053,851,1.725493800750886,2.8433939062298514,10.138036432143869,,,,,-0.044709250981430165
"MAc(3,7,0.01,1,1)",3.0,7.0,0.01,1,1.0,True,-0.0177242180032465,0.3204621091991149,-0.2073900009813053,851,1.725493800750886,2.8433939062298514,10.138036432143869,,,,,-0.044709250981430165
"OBV(10,15,0.1,2,1)",10.0,15.0,0.1,2,1.0,False,-0.0177255875954774,0.3203071122051852,-0.2075449979752349,712,1.725407417966658,2.8433939062298514,12.11662512617035,,,,,-0.04030295948791779
"OBV(10,15,0.1,2,2)",10.0,15.0,0.1,2,2.0,False,-0.0178259200345962,0.319132359177946,-0.2087197510024742,670,1.719079260399798,2.8433939062298514,12.828949704476104,,,,,-0.039071480663718475
"OBV(10,15,0.1,0,2)",10.0,15.0,0.1,0,2.0,False,-0.0178259200345962,0.319132359177946,-0.2087197510024742,670,1.719079260399798,2.8433939062298514,12.828949704476104,,,,,-0.039071480663718475
"OBV(10,15,0.1,1,2)",10.0,15.0,0.1,1,2.0,False,-0.0178259200345962,0.319132359177946,-0.2087197510024742,670,1.719079260399798,2.8433939062298514,12.828949704476104,,,,,-0.039071480663718475
"MAc(3,7,0.01,2,1)",3.0,7.0,0.01,2,1.0,True,-0.0178739139778208,0.3187085931694447,-0.2091435170109755,851,1.7160521912121325,2.8433939062298514,10.082562815582447,,,,,-0.04485894695600447
"MAc(5,7,0.01,2,0)",5.0,7.0,0.01,2,0.0,True,-0.0197029408152222,0.2976501079686589,-0.2302020022117613,100,1.600691993426238,2.8433939062298514,80.03459967131191,,,,,-0.02287392001359866
"MAc(5,7,0.01,0,0)",5.0,7.0,0.01,0,0.0,True,-0.0197029408152222,0.2976501079686589,-0.2302020022117613,100,1.600691993426238,2.8433939062298514,80.03459967131191,,,,,-0.02287392001359866
"MAc(5,7,0.01,1,0)",5.0,7.0,0.01,1,0.0,True,-0.0197029408152222,0.2976501079686589,-0.2302020022117613,100,1.600691993426238,2.8433939062298514,80.03459967131191,,,,,-0.02287392001359866
"MAc(5,7,0.01,0,2)",5.0,7.0,0.01,0,2.0,True,-0.0200188636283684,0.293980658565487,-0.2338714516149332,100,1.5807661413477567,2.8433939062298514,79.03830706738785,,,,,-0.02318984282674486
"MAc(5,7,0.01,2,2)",5.0,7.0,0.01,2,2.0,True,-0.0200188636283684,0.293980658565487,-0.2338714516149332,100,1.5807661413477567,2.8433939062298514,79.03830706738785,,,,,-0.02318984282674486
"MAc(5,7,0.01,1,2)",5.0,7.0,0.01,1,2.0,True,-0.0200188636283684,0.293980658565487,-0.2338714516149332,100,1.5807661413477567,2.8433939062298514,79.03830706738785,,,,,-0.02318984282674486
"OBV(7,10,0.1,2,1)",7.0,10.0,0.1,2,1.0,False,-0.0205423594299439,0.2873261846710366,-0.2405259255093835,722,1.5477482665003712,2.8433939062298514,10.718478299864069,,,,,-0.04343682924222193
"OBV(7,10,0.1,1,1)",7.0,10.0,0.1,1,1.0,False,-0.0205723128034686,0.2869754676234506,-0.2408766425569696,722,1.5458590503207572,2.8433939062298514,10.705395085323804,,,,,-0.04346678261574663
"OBV(7,10,0.1,0,1)",7.0,10.0,0.1,0,1.0,False,-0.0205723128034686,0.2869754676234506,-0.2408766425569696,722,1.5458590503207572,2.8433939062298514,10.705395085323804,,,,,-0.04346678261574663
"MA(5,10,0.01,1,2)",5.0,10.0,0.01,1,2.0,False,-0.0206363893413663,0.2863943467411949,-0.2414577634392253,647,1.5418176213301265,2.8433939062298514,11.91512844922818,,,,,-0.04115262475486199
"MA(5,10,0.01,0,2)",5.0,10.0,0.01,0,2.0,False,-0.0206363893413663,0.2863943467411949,-0.2414577634392253,647,1.5418176213301265,2.8433939062298514,11.91512844922818,,,,,-0.04115262475486199
"MA(5,10,0.01,2,2)",5.0,10.0,0.01,2,2.0,False,-0.0206363893413663,0.2863943467411949,-0.2414577634392253,647,1.5418176213301265,2.8433939062298514,11.91512844922818,,,,,-0.04115262475486199
"OBV(3,7,0.5,2,0)",3.0,7.0,0.5,2,0.0,False,-0.020765084062005,0.2847183540506784,-0.2431337561297418,372,1.5337006007794736,2.8433939062298514,20.61425538682088,,,,,-0.03256112667996543
"OBV(2,5,0.5,1,0)",2.0,5.0,0.5,1,0.0,False,-0.0208241549240684,0.2840267071530518,-0.2438254030273684,430,1.5299748892745002,2.8433939062298514,17.790405689238376,,,,,-0.034459365477087174
"OBV(3,10,0.5,0,0)",3.0,10.0,0.5,0,0.0,False,-0.020835294392373,0.28389627772644,-0.2439558324539801,390,1.5292723018435408,2.8433939062298514,19.606055151840263,,,,,-0.03320211326604119
"OBV(3,10,0.5,2,0)",3.0,10.0,0.5,2,0.0,False,-0.0210074109736383,0.281881004986637,-0.2459711051937832,386,1.51841658204163,2.8433939062298514,19.66860857566878,,,,,-0.03324739067937143
"OBV(3,10,0.5,1,1)",3.0,10.0,0.5,1,1.0,False,-0.0211907200047907,0.2797346825083351,-0.2481174276720851,362,1.5068549331596903,2.8433939062298514,20.812913441432187,,,,,-0.03266966470291348
"OBV(3,10,0.5,0,1)",3.0,10.0,0.5,0,1.0,False,-0.0211907200047907,0.2797346825083351,-0.2481174276720851,362,1.5068549331596903,2.8433939062298514,20.812913441432187,,,,,-0.03266966470291348
"OBV(3,10,0.5,2,1)",3.0,10.0,0.5,2,1.0,False,-0.0212075769454601,0.2795373085431389,-0.2483148016372813,362,1.5057917338834856,2.8433939062298514,20.798228368556437,,,,,-0.03268652164358288
"OBV(3,10,0.5,1,0)",3.0,10.0,0.5,1,0.0,False,-0.0212164592348796,0.2794333078994256,-0.2484188022809945,386,1.505231511013444,2.8433939062298514,19.497817500174147,,,,,-0.03345643894061273
"OBV(3,7,0.5,1,0)",3.0,7.0,0.5,1,0.0,False,-0.0212886216281556,0.2785883753634853,-0.2492637348169348,374,1.5006800917609782,2.8433939062298514,20.06256807167083,,,,,-0.03314808383008356
"OBV(2,5,0.5,2,0)",2.0,5.0,0.5,2,0.0,False,-0.0213327544319326,0.2780716347189663,-0.2497804754614539,412,1.4978965519744385,2.8433939062298514,18.17835621328202,,,,,-0.03439718872924361
"OBV(2,5,0.5,0,0)",2.0,5.0,0.5,0,0.0,False,-0.0216459570316115,0.2744044190268854,-0.2534476911535347,438,1.478142268927752,2.8433939062298514,16.873770193239178,,,,,-0.03553484592050039
"OBV(3,7,0.5,0,0)",3.0,7.0,0.5,0,0.0,False,-0.0218261972182475,0.2722940290541603,-0.2555580811262599,380,1.466774177900264,2.8433939062298514,19.29966023552979,,,,,-0.033875918172078044
"OBV(2,7,0.5,0,0)",2.0,7.0,0.5,0,0.0,False,-0.0223677727464263,0.2659528487206525,-0.2618992614597677,448,1.4326159803445255,2.8433939062298514,15.989017637773722,,,,,-0.03657375955515284
"OBV(7,10,0.1,2,2)",7.0,10.0,0.1,2,2.0,False,-0.0227137066663257,0.2619024035100643,-0.2659497066703559,648,1.4107972707420229,2.8433939062298514,10.885781410046471,,,,,-0.043261651871805154
"OBV(7,10,0.1,1,2)",7.0,10.0,0.1,1,2.0,False,-0.0227137066663257,0.2619024035100643,-0.2659497066703559,648,1.4107972707420229,2.8433939062298514,10.885781410046471,,,,,-0.043261651871805154
"OBV(7,10,0.1,0,2)",7.0,10.0,0.1,0,2.0,False,-0.0227137066663257,0.2619024035100643,-0.2659497066703559,648,1.4107972707420229,2.8433939062298514,10.885781410046471,,,,,-0.043261651871805154
"OBV(2,7,0.5,1,0)",2.0,7.0,0.5,1,0.0,False,-0.022797951504931,0.2609159871502687,-0.2669361230301514,440,1.4054837887059877,2.8433939062298514,15.971406689840768,,,,,-0.036750259977787414
"OBV(2,5,0.5,2,1)",2.0,5.0,0.5,2,1.0,False,-0.0231319219979566,0.257005605587745,-0.2708465045926752,366,1.384419635166928,2.8433939062298514,18.912836545996285,,,,,-0.03473770586401444
"OBV(2,7,0.5,2,0)",2.0,7.0,0.5,2,0.0,False,-0.0234461368296317,0.2533265384967756,-0.2745255716836445,430,1.364601508725,2.8433939062298514,15.86745940377907,,,,,-0.037081347382650474
"OBV(3,10,0.5,2,2)",3.0,10.0,0.5,2,2.0,False,-0.023520634027372,0.2524542814106571,-0.2753978287697631,334,1.3599028289188444,2.8433939062298514,20.35782678022222,,,,,-0.03411170454994937
"OBV(3,10,0.5,1,2)",3.0,10.0,0.5,1,2.0,False,-0.023520634027372,0.2524542814106571,-0.2753978287697631,334,1.3599028289188444,2.8433939062298514,20.35782678022222,,,,,-0.03411170454994937
"OBV(3,10,0.5,0,2)",3.0,10.0,0.5,0,2.0,False,-0.023520634027372,0.2524542814106571,-0.2753978287697631,334,1.3599028289188444,2.8433939062298514,20.35782678022222,,,,,-0.03411170454994937
"OBV(2,5,0.5,1,2)",2.0,5.0,0.5,1,2.0,False,-0.0235296116786136,0.252349164213948,-0.2755029459664722,316,1.3593365913975013,2.8433939062298514,21.50849037021363,,,,,-0.03354990594548321
"OBV(2,5,0.5,2,2)",2.0,5.0,0.5,2,2.0,False,-0.0235296116786136,0.252349164213948,-0.2755029459664722,316,1.3593365913975013,2.8433939062298514,21.50849037021363,,,,,-0.03354990594548321
"OBV(2,5,0.5,0,2)",2.0,5.0,0.5,0,2.0,False,-0.0235296116786136,0.252349164213948,-0.2755029459664722,316,1.3593365913975013,2.8433939062298514,21.50849037021363,,,,,-0.03354990594548321
"OBV(2,5,0.5,1,1)",2.0,5.0,0.5,1,1.0,False,-0.0235742786852149,0.2518261558684751,-0.2760259543119451,366,1.3565193584238455,2.8433939062298514,18.531685224369475,,,,,-0.035180062551272734
"OBV(2,5,0.5,0,1)",2.0,5.0,0.5,0,1.0,False,-0.0235742786852149,0.2518261558684751,-0.2760259543119451,366,1.3565193584238455,2.8433939062298514,18.531685224369475,,,,,-0.035180062551272734
"OBV(2,7,0.5,0,2)",2.0,7.0,0.5,0,2.0,False,-0.0236407644615789,0.2510477025534015,-0.2768044076270187,346,1.3523259741855875,2.8433939062298514,19.542282863953577,,,,,-0.03461235248796145
"OBV(2,7,0.5,1,2)",2.0,7.0,0.5,1,2.0,False,-0.0236407644615789,0.2510477025534015,-0.2768044076270187,346,1.3523259741855875,2.8433939062298514,19.542282863953577,,,,,-0.03461235248796145
"OBV(2,7,0.5,2,2)",2.0,7.0,0.5,2,2.0,False,-0.0236407644615789,0.2510477025534015,-0.2768044076270187,346,1.3523259741855875,2.8433939062298514,19.542282863953577,,,,,-0.03461235248796145
"OBV(2,7,0.5,2,1)",2.0,7.0,0.5,2,1.0,False,-0.0237368298775989,0.2499228824909254,-0.2779292276894947,390,1.3462669458729184,2.8433939062298514,17.25983263939639,,,,,-0.03610364875126709
"OBV(3,7,0.5,0,2)",3.0,7.0,0.5,0,2.0,False,-0.0237706034335229,0.2495274487386604,-0.2783246614417597,314,1.3441367835310378,2.8433939062298514,21.40345196705474,,,,,-0.03372747811642498
"OBV(3,7,0.5,2,2)",3.0,7.0,0.5,2,2.0,False,-0.0237706034335229,0.2495274487386604,-0.2783246614417597,314,1.3441367835310378,2.8433939062298514,21.40345196705474,,,,,-0.03372747811642498
"OBV(3,7,0.5,1,2)",3.0,7.0,0.5,1,2.0,False,-0.0237706034335229,0.2495274487386604,-0.2783246614417597,314,1.3441367835310378,2.8433939062298514,21.40345196705474,,,,,-0.03372747811642498
"OBV(2,7,0.5,0,1)",2.0,7.0,0.5,0,1.0,False,-0.0237777280515894,0.2494440154709896,-0.2784080947094305,390,1.3436874203328075,2.8433939062298514,17.226761799138558,,,,,-0.03614454692525759
"OBV(2,7,0.5,1,1)",2.0,7.0,0.5,1,1.0,False,-0.0237777280515894,0.2494440154709896,-0.2784080947094305,390,1.3436874203328075,2.8433939062298514,17.226761799138558,,,,,-0.03614454692525759
"OBV(5,10,0.5,0,0)",5.0,10.0,0.5,0,0.0,False,-0.0239742328923061,0.2471431869163921,-0.2807089232640281,326,1.3312934866696062,2.8433939062298514,20.418611758736294,,,,,-0.03431162507901335
"OBV(7,15,0.5,1,2)",7.0,15.0,0.5,1,2.0,False,-0.0241181147203337,0.2454585213507417,-0.2823935888296784,264,1.3222185864004332,2.8433939062298514,25.042018681826388,,,,,-0.03248949980404755
"OBV(7,15,0.5,0,2)",7.0,15.0,0.5,0,2.0,False,-0.0241181147203337,0.2454585213507417,-0.2823935888296784,264,1.3222185864004332,2.8433939062298514,25.042018681826388,,,,,-0.03248949980404755
"OBV(7,15,0.5,2,2)",7.0,15.0,0.5,2,2.0,False,-0.0241181147203337,0.2454585213507417,-0.2823935888296784,264,1.3222185864004332,2.8433939062298514,25.042018681826388,,,,,-0.03248949980404755
"OBV(2,10,0.5,0,0)",2.0,10.0,0.5,0,0.0,False,-0.0241506055545599,0.2450780812943947,-0.2827740288860254,448,1.320169327753202,2.8433939062298514,14.734032675816986,,,,,-0.03835659236328644
"OBV(5,10,0.5,1,0)",5.0,10.0,0.5,1,0.0,False,-0.0241722734610928,0.2448243769239868,-0.2830277332564334,326,1.318802691719149,2.8433939062298514,20.227035149066705,,,,,-0.03450966564780006
"OBV(5,10,0.5,2,0)",5.0,10.0,0.5,2,0.0,False,-0.0242565243255166,0.2438379035704131,-0.2840142066100071,324,1.313488829623301,2.8433939062298514,20.2698893460386,,,,,-0.03453049692825633
"OBV(2,10,0.5,2,1)",2.0,10.0,0.5,2,1.0,False,-0.0243996563653309,0.2421620045398398,-0.2856901056405804,386,1.3044612199213368,2.8433939062298514,16.89716606115721,,,,,-0.03663963607106403
"MA(5,10,0.01,0,1)",5.0,10.0,0.01,0,1.0,False,-0.024422233700967,0.2420398919202127,-0.2858122182602075,647,1.3030372244658257,2.8433939062298514,10.069839447185668,,,,,-0.04493846911446269
"MA(5,10,0.01,1,1)",5.0,10.0,0.01,1,1.0,False,-0.024422233700967,0.2420398919202127,-0.2858122182602075,647,1.3030372244658257,2.8433939062298514,10.069839447185668,,,,,-0.04493846911446269
"MA(5,10,0.01,2,1)",5.0,10.0,0.01,2,1.0,False,-0.024422233700967,0.2420398919202127,-0.2858122182602075,647,1.3030372244658257,2.8433939062298514,10.069839447185668,,,,,-0.04493846911446269
"OBV(3,7,0.5,1,1)",3.0,7.0,0.5,1,1.0,False,-0.0247536705636639,0.2380169365266119,-0.2898351736538083,348,1.2821328718054958,2.8433939062298514,18.421449307550223,,,,,-0.035788678174013974
"OBV(3,7,0.5,0,1)",3.0,7.0,0.5,0,1.0,False,-0.0247536705636639,0.2380169365266119,-0.2898351736538083,348,1.2821328718054958,2.8433939062298514,18.421449307550223,,,,,-0.035788678174013974
"OBV(3,7,0.5,2,1)",3.0,7.0,0.5,2,1.0,False,-0.0247553268827366,0.2379975430809743,-0.2898545670994459,348,1.282028404614574,2.8433939062298514,18.41994834216342,,,,,-0.035790334493086676
"OBV(2,10,0.5,1,0)",2.0,10.0,0.5,1,0.0,False,-0.0248345397938568,0.237070057968966,-0.2907820522114542,442,1.2770322958056937,2.8433939062298514,14.446066694634542,,,,,-0.03885026785068074
"OBV(2,10,0.5,1,1)",2.0,10.0,0.5,1,1.0,False,-0.0248461873683097,0.2369336792940202,-0.2909184308864,386,1.2762976611545571,2.8433939062298514,16.532353123763695,,,,,-0.03708616707404283
"OBV(2,10,0.5,0,1)",2.0,10.0,0.5,0,1.0,False,-0.0248461873683097,0.2369336792940202,-0.2909184308864,386,1.2762976611545571,2.8433939062298514,16.532353123763695,,,,,-0.03708616707404283
"OBV(7,15,0.5,0,0)",7.0,15.0,0.5,0,0.0,False,-0.0250465148523662,0.2345880925186148,-0.2932640176618053,286,1.263662626112893,2.8433939062298514,22.0920039530226,,,,,-0.034115515359722876
"OBV(7,15,0.5,1,0)",7.0,15.0,0.5,1,0.0,False,-0.0250902019860224,0.2340765702856101,-0.29377553989481,286,1.2609071955876414,2.8433939062298514,22.04383209069303,,,,,-0.03415920249337907
"OBV(7,15,0.5,2,0)",7.0,15.0,0.5,2,0.0,False,-0.0252492097532781,0.2322147862608619,-0.2956373239195583,286,1.250878273592068,2.8433939062298514,21.868501286574617,,,,,-0.03431821026063477
"OBV(2,10,0.5,2,0)",2.0,10.0,0.5,2,0.0,False,-0.0255256454339048,0.2289780668586203,-0.2988740433217999,432,1.2334429499871475,2.8433939062298514,14.275960069295689,,,,,-0.0392242755708911
"OBV(5,10,0.5,2,1)",5.0,10.0,0.5,2,1.0,False,-0.0255576298643338,0.2286035688015029,-0.2992485413789172,308,1.2314256311895722,2.8433939062298514,19.99067583099955,,,,,-0.03532424579533329
"OBV(5,10,0.5,1,1)",5.0,10.0,0.5,1,1.0,False,-0.0257659286404427,0.2261646482019291,-0.301687461978491,308,1.21828783161271,2.8433939062298514,19.7773998638427,,,,,-0.03553254457144219
"OBV(5,10,0.5,0,1)",5.0,10.0,0.5,0,1.0,False,-0.0257659286404427,0.2261646482019291,-0.301687461978491,308,1.21828783161271,2.8433939062298514,19.7773998638427,,,,,-0.03553254457144219
"OBV(2,15,0.5,1,1)",2.0,15.0,0.5,1,1.0,False,-0.0258321401508152,0.225389393455291,-0.3024627167251292,406,1.2141117458516442,2.8433939062298514,14.952115096695126,,,,,-0.038706315696223625
"OBV(2,15,0.5,0,1)",2.0,15.0,0.5,0,1.0,False,-0.0258321401508152,0.225389393455291,-0.3024627167251292,406,1.2141117458516442,2.8433939062298514,14.952115096695126,,,,,-0.038706315696223625
"OBV(7,15,0.5,0,1)",7.0,15.0,0.5,0,1.0,False,-0.0259439020135531,0.2240808005306942,-0.303771309649726,278,1.2070627128212308,2.8433939062298514,21.70976102196458,,,,,-0.034759224185039655
"OBV(7,15,0.5,1,1)",7.0,15.0,0.5,1,1.0,False,-0.0259439020135531,0.2240808005306942,-0.303771309649726,278,1.2070627128212308,2.8433939062298514,21.70976102196458,,,,,-0.034759224185039655
"OBV(2,15,0.5,2,1)",2.0,15.0,0.5,2,1.0,False,-0.0259606593889049,0.2238845924309237,-0.3039675177494965,406,1.2060057933187742,2.8433939062298514,14.852288095058796,,,,,-0.03883483493431332
"OBV(2,10,0.5,1,2)",2.0,10.0,0.5,1,2.0,False,-0.0260174179225904,0.2232200317925342,-0.304632078387886,362,1.2024259247580178,2.8433939062298514,16.608092883398037,,,,,-0.03749636262071318
"OBV(2,10,0.5,2,2)",2.0,10.0,0.5,2,2.0,False,-0.0260174179225904,0.2232200317925342,-0.304632078387886,362,1.2024259247580178,2.8433939062298514,16.608092883398037,,,,,-0.03749636262071318
"OBV(2,10,0.5,0,2)",2.0,10.0,0.5,0,2.0,False,-0.0260174179225904,0.2232200317925342,-0.304632078387886,362,1.2024259247580178,2.8433939062298514,16.608092883398037,,,,,-0.03749636262071318
"OBV(7,15,0.5,2,1)",7.0,15.0,0.5,2,1.0,False,-0.0260915740650425,0.2223517438101804,-0.3055003663702398,278,1.1977487559568958,2.8433939062298514,21.542243812174384,,,,,-0.03490689623652905
"OBV(5,10,0.5,2,2)",5.0,10.0,0.5,2,2.0,False,-0.0267813856340077,0.2142749164302429,-0.3135771937501772,284,1.1542410296602788,2.8433939062298514,20.321144888385188,,,,,-0.03578696655739684
"OBV(5,10,0.5,0,2)",5.0,10.0,0.5,0,2.0,False,-0.0267813856340077,0.2142749164302429,-0.3135771937501772,284,1.1542410296602788,2.8433939062298514,20.321144888385188,,,,,-0.03578696655739684
"OBV(5,10,0.5,1,2)",5.0,10.0,0.5,1,2.0,False,-0.0267813856340077,0.2142749164302429,-0.3135771937501772,284,1.1542410296602788,2.8433939062298514,20.321144888385188,,,,,-0.03578696655739684
"OBV(5,15,0.5,1,2)",5.0,15.0,0.5,1,2.0,False,-0.0270501397742663,0.211128138545398,-0.3167239716350222,314,1.1372901954013004,2.8433939062298514,18.10971648728185,,,,,-0.03700701445716838
"OBV(5,15,0.5,0,2)",5.0,15.0,0.5,0,2.0,False,-0.0270501397742663,0.211128138545398,-0.3167239716350222,314,1.1372901954013004,2.8433939062298514,18.10971648728185,,,,,-0.03700701445716838
"OBV(5,15,0.5,2,2)",5.0,15.0,0.5,2,2.0,False,-0.0270501397742663,0.211128138545398,-0.3167239716350222,314,1.1372901954013004,2.8433939062298514,18.10971648728185,,,,,-0.03700701445716838
"OBV(5,15,0.5,2,1)",5.0,15.0,0.5,2,1.0,False,-0.0270590702073687,0.2110235634146239,-0.3168285467657963,324,1.1367269360177132,2.8433939062298514,17.542082345952362,,,,,-0.03733304281010843
"OBV(5,15,0.5,1,1)",5.0,15.0,0.5,1,1.0,False,-0.0270604485032766,0.2110074252788134,-0.3168446849016068,324,1.1366400042760356,2.8433939062298514,17.540740806728945,,,,,-0.03733442110601633
"OBV(5,15,0.5,0,1)",5.0,15.0,0.5,0,1.0,False,-0.0270604485032766,0.2110074252788134,-0.3168446849016068,324,1.1366400042760356,2.8433939062298514,17.540740806728945,,,,,-0.03733442110601633
"OBV(2,15,0.5,2,2)",2.0,15.0,0.5,2,2.0,False,-0.0271630543969586,0.2098060482794609,-0.3180460619009592,374,1.1301684556103144,2.8433939062298514,15.109203952009551,,,,,-0.03902251659888656
"OBV(2,15,0.5,1,2)",2.0,15.0,0.5,1,2.0,False,-0.0271630543969586,0.2098060482794609,-0.3180460619009592,374,1.1301684556103144,2.8433939062298514,15.109203952009551,,,,,-0.03902251659888656
"OBV(2,15,0.5,0,2)",2.0,15.0,0.5,0,2.0,False,-0.0271630543969586,0.2098060482794609,-0.3180460619009592,374,1.1301684556103144,2.8433939062298514,15.109203952009551,,,,,-0.03902251659888656
"OBV(5,15,0.5,0,0)",5.0,15.0,0.5,0,0.0,False,-0.0276171096825647,0.2044896133307762,-0.323362496849644,338,1.1015303260420988,2.8433939062298514,16.29482730831507,,,,,-0.03833501937307713
"OBV(5,15,0.5,1,0)",5.0,15.0,0.5,1,0.0,False,-0.0277021673012041,0.2034936941407863,-0.3243584160396338,336,1.096165580425036,2.8433939062298514,16.311987803943985,,,,,-0.038356657407749004
"OBV(3,15,0.5,1,2)",3.0,15.0,0.5,1,2.0,False,-0.0277052440895287,0.2034576792071745,-0.3243944309732456,348,1.095971521539506,2.8433939062298514,15.746717263498647,,,,,-0.038740251699878776
"OBV(3,15,0.5,2,2)",3.0,15.0,0.5,2,2.0,False,-0.0277052440895287,0.2034576792071745,-0.3243944309732456,348,1.095971521539506,2.8433939062298514,15.746717263498647,,,,,-0.038740251699878776
"OBV(3,15,0.5,0,2)",3.0,15.0,0.5,0,2.0,False,-0.0277052440895287,0.2034576792071745,-0.3243944309732456,348,1.095971521539506,2.8433939062298514,15.746717263498647,,,,,-0.038740251699878776
"OBV(3,15,0.5,2,0)",3.0,15.0,0.5,2,0.0,False,-0.0280321713326758,0.1996297563964922,-0.328222353783928,394,1.0753515991524527,2.8433939062298514,13.646593897873764,,,,,-0.04052582937427905
"OBV(5,15,0.5,2,0)",5.0,15.0,0.5,2,0.0,False,-0.0280458455661541,0.1994696480910996,-0.3283824620893206,336,1.0744891392659337,2.8433939062298514,15.989421715266866,,,,,-0.038700335672699
"OBV(3,15,0.5,1,0)",3.0,15.0,0.5,1,0.0,False,-0.0280647579234245,0.1992482078564383,-0.3286039023239819,394,1.0732963009594136,2.8433939062298514,13.620511433495098,,,,,-0.040558415965027746
"OBV(3,15,0.5,0,0)",3.0,15.0,0.5,0,0.0,False,-0.0281306974176415,0.1984761382078515,-0.3293759719725687,396,1.0691373717741046,2.8433939062298514,13.499209239572028,,,,,-0.040687775043212276
"OBV(2,3,0.1,1,2)",2.0,3.0,0.1,1,2.0,False,-0.0286199073000807,0.1927481075729433,-0.3351040026074768,458,1.0382819749898882,2.8433939062298514,11.334956058841572,,,,,-0.04314299202864488
"OBV(2,3,0.1,2,2)",2.0,3.0,0.1,2,2.0,False,-0.0286199073000807,0.1927481075729433,-0.3351040026074768,458,1.0382819749898882,2.8433939062298514,11.334956058841572,,,,,-0.04314299202864488
"OBV(2,3,0.1,0,2)",2.0,3.0,0.1,0,2.0,False,-0.0286199073000807,0.1927481075729433,-0.3351040026074768,458,1.0382819749898882,2.8433939062298514,11.334956058841572,,,,,-0.04314299202864488
"OBV(2,15,0.5,0,0)",2.0,15.0,0.5,0,0.0,False,-0.0286318539993856,0.1926082166634983,-0.3352438935169218,450,1.037528473966003,2.8433939062298514,11.528094155177808,,,,,-0.042901260392079664
"OBV(2,15,0.5,2,0)",2.0,15.0,0.5,2,0.0,False,-0.0289370464957219,0.1890347914247435,-0.3388173187556766,444,1.0182794033563285,2.8433939062298514,11.46711039815685,,,,,-0.04301619413651338
"OBV(2,15,0.5,1,0)",2.0,15.0,0.5,1,0.0,False,-0.0290821739986609,0.1873355285638766,-0.3405165816165436,448,1.009125936003708,2.8433939062298514,11.262566250041385,,,,,-0.043288160807387434
"OBV(3,15,0.5,1,1)",3.0,15.0,0.5,1,1.0,False,-0.0295184740014027,0.1822269973590331,-0.3456251128213871,370,0.9816076658607767,2.8433939062298514,13.264968457578066,,,,,-0.0412510970353956
"OBV(3,15,0.5,0,1)",3.0,15.0,0.5,0,1.0,False,-0.0295184740014027,0.1822269973590331,-0.3456251128213871,370,0.9816076658607767,2.8433939062298514,13.264968457578066,,,,,-0.0412510970353956
"OBV(3,15,0.5,2,1)",3.0,15.0,0.5,2,1.0,False,-0.0295767266352084,0.1815449313696374,-0.3463071788107827,370,0.97793356156665,2.8433939062298514,13.215318399549323,,,,,-0.0413093496692013
"BB(5,2,1,2)",,,,1,2.0,False,-0.0300323340489706,0.2358562205529121,-0.291995889627508,3,0.9491975363265784,2.8433939062298514,1581.9958938776304,5.0,,,2.0,-0.030127463424921893
"BB(5,2,0,2)",,,,0,2.0,False,-0.0300323340489706,0.2358562205529121,-0.291995889627508,3,0.9491975363265784,2.8433939062298514,1581.9958938776304,5.0,,,2.0,-0.030127463424921893
"BB(5,2,2,2)",,,,2,2.0,False,-0.0300323340489706,0.2358562205529121,-0.291995889627508,3,0.9491975363265784,2.8433939062298514,1581.9958938776304,5.0,,,2.0,-0.030127463424921893
"BB(5,2,0,0)",,,,0,0.0,False,-0.0300819828673866,0.2350781198768296,-0.2927739903035906,3,0.946066091016324,2.8433939062298514,1576.77681836054,5.0,,,2.0,-0.030177112243337894
"BB(5,2,2,0)",,,,2,0.0,False,-0.0300819828673866,0.2350781198768296,-0.2927739903035906,3,0.946066091016324,2.8433939062298514,1576.77681836054,5.0,,,2.0,-0.030177112243337894
"BB(5,2,1,0)",,,,1,0.0,False,-0.0300819828673866,0.2350781198768296,-0.2927739903035906,3,0.946066091016324,2.8433939062298514,1576.77681836054,5.0,,,2.0,-0.030177112243337894
"BB(5,2,0,1)",,,,0,1.0,False,-0.0300820822233793,0.2350765627609247,-0.2927755474194955,3,0.9460598244450932,2.8433939062298514,1576.7663740751557,5.0,,,2.0,-0.030177211599330594
"BB(5,2,1,1)",,,,1,1.0,False,-0.0300820822233793,0.2350765627609247,-0.2927755474194955,3,0.9460598244450932,2.8433939062298514,1576.7663740751557,5.0,,,2.0,-0.030177211599330594
"BB(5,2,2,1)",,,,2,1.0,False,-0.0300820822233793,0.2350765627609247,-0.2927755474194955,3,0.9460598244450932,2.8433939062298514,1576.7663740751557,5.0,,,2.0,-0.030177211599330594
"MAc(2,3,0.01,0,0)",2.0,3.0,0.01,0,0.0,True,-0.0379329224746686,0.0837932175829734,-0.4440588925974468,142,0.4508924131997959,2.8433939062298514,15.876493422528023,,,,,-0.04243571293636317
"MAc(2,3,0.01,1,0)",2.0,3.0,0.01,1,0.0,True,-0.0382048720307091,0.0806056438824236,-0.4472464662979966,142,0.4337400379961641,2.8433939062298514,15.272536549160709,,,,,-0.042707662492403674
"MAc(2,3,0.01,2,0)",2.0,3.0,0.01,2,0.0,True,-0.0393927608479858,0.0666821680104839,-0.4611699421699363,142,0.3588176333017728,2.8433939062298514,12.634423707808905,,,,,-0.04389555130968037
"BB(3,2,0,2)",,,,0,2.0,False,-0.0450817861239292,0.0,-0.5278521101804202,0,0.0,2.8433939062298514,inf,3.0,,,2.0,-0.0450817861239292
"BB(3,2,2,1)",,,,2,1.0,False,-0.0450817861239292,0.0,-0.5278521101804202,0,0.0,2.8433939062298514,inf,3.0,,,2.0,-0.0450817861239292
"BB(3,2,0,0)",,,,0,0.0,False,-0.0450817861239292,0.0,-0.5278521101804202,0,0.0,2.8433939062298514,inf,3.0,,,2.0,-0.0450817861239292
"BB(3,2,2,2)",,,,2,2.0,False,-0.0450817861239292,0.0,-0.5278521101804202,0,0.0,2.8433939062298514,inf,3.0,,,2.0,-0.0450817861239292
"BB(3,2,1,0)",,,,1,0.0,False,-0.0450817861239292,0.0,-0.5278521101804202,0,0.0,2.8433939062298514,inf,3.0,,,2.0,-0.0450817861239292
"BB(3,2,2,0)",,,,2,0.0,False,-0.0450817861239292,0.0,-0.5278521101804202,0,0.0,2.8433939062298514,inf,3.0,,,2.0,-0.0450817861239292
"BB(3,2,1,1)",,,,1,1.0,False,-0.0450817861239292,0.0,-0.5278521101804202,0,0.0,2.8433939062298514,inf,3.0,,,2.0,-0.0450817861239292
"BB(3,2,1,2)",,,,1,2.0,False,-0.0450817861239292,0.0,-0.5278521101804202,0,0.0,2.8433939062298514,inf,3.0,,,2.0,-0.0450817861239292
"BB(3,2,0,1)",,,,0,1.0,False,-0.0450817861239292,0.0,-0.5278521101804202,0,0.0,2.8433939062298514,inf,3.0,,,2.0,-0.0450817861239292
